INSERT INTO country (country_id, country_name) VALUES
(1, 'Россия'),
(2, 'США'),
(3, 'Китай'),
(4, 'Германия'),
(5, 'Франция'),
(6, 'Япония');

INSERT INTO city (city_id, city_name, country_country_id) VALUES
(1, 'Москва', 1),
(2, 'Санкт-Петербург', 1),
(3, 'Новосибирск', 1),
(4, 'Екатеринбург', 1),
(5, 'Казань', 1),
(6, 'Нижний Новгород', 1);

INSERT INTO street (id_street, street_name, city_city_id) VALUES
(1, 'Ленина', 1),
(2, 'Кирова', 1),
(3, 'Советская', 1),
(4, 'Пушкина', 1),
(5, 'Горького', 1),
(6, 'Ленина', 1),
(7, 'Кирова', 1),
(8, 'Советская', 1),
(9, 'Пушкина', 1),
(10, 'Горького', 1);

INSERT INTO house (id_house, house_num, street_id_street) VALUES
(1, 100, 1),
(2, 200, 1),
(3, 300, 2),
(4, 400, 2),
(5, 500, 3),
(6, 600, 3),
(7, 700, 4),
(8, 800, 5),
(9, 900, 6),
(10, 1003, 7),
(11, 1004, 7);

INSERT INTO apartment (apartment_id, apartment_num, house_id_house) VALUES
(1, 333, 1),
(2, 343, 1),
(3, 100, 2),
(4, 155, 3),
(5, 105, 4),
(6, 106, 5),
(7, 107, 5);

INSERT INTO telephone (phone_id, phone_num) VALUES
(1, '+79001234567'),
(2, '+79001234568'),
(3, '+79001234569'),
(4, '+79001234570'),
(5, '+79001234571'),
(6, '+79001234572'),
(7, '+79001234573'),
(8, '+79001234574'),
(9, '+79001234575'),
(10, '+79001234576'),
(11, '+79001234577'),
(12, '+79001234578');

INSERT INTO client (client_id, client_name, client_surname, client_email, telephone_phone_id) VALUES
(1, 'Иван', 'Иванов', 'ivanov@example.com', 1),
(2, 'Петр', 'Петров', 'petrov@example.com', 2),
(3, 'Алексей', 'Алексеев', 'alekseev@example.com', 3),
(4, 'Николай', 'Николаев', 'nikolaev@example.com', 4),
(5, 'Дмитрий', 'Дмитриев', 'dmitriev@example.com', 5),
(6, 'Сергей', 'Сергеев', 'sergeev@example.com', 6);

INSERT INTO address (address_id, house_id_house, apartment_apartment_id, client_client_id) VALUES
(1, NULL, 1, 1),
(2, NULL, 2, 2),
(3, NULL, 3, 3),
(8, 6, NULL, 4),
(9, 7, NULL, 5),
(10, 8, NULL, 6);

INSERT INTO order_status (order_status_id, order_status_name) VALUES
(1, 'В процессе'),
(2, 'Готов'),
(3, 'Отменен'),
(4, 'Доставлен'),
(5, 'Оплачен'),
(6, 'Возврат');

INSERT INTO payment (payment_id, payment_date, payment_method, amount) VALUES
(1, '2024-12-16 12:00:00', 'Наличные', 0),
(2, '2024-12-16 13:00:00', 'Карта', 0),
(3, '2024-12-16 14:00:00', 'Наличные', 0),
(4, '2024-12-16 15:00:00', 'Карта', 0),
(5, '2024-12-16 18:00:00', 'Наличные', 0),
(6, '2024-12-16 19:00:00', 'Карта', 0);

INSERT INTO orders (order_id, order_date, required_date, order_total_amount, address_address_id, order_status_order_status_id, client_client_id, payment_payment_id) VALUES
(1, '2024-12-16 10:00:00', '2024-12-16 12:00:00', 0, NULL, 5, 1, 1),
(2, '2024-12-16 11:00:00', '2024-12-16 13:00:00', 0, NULL, 5, 2, 2),
(3, '2024-12-16 12:00:00', '2024-12-16 14:00:00', 0, NULL, 5, 3, 3),
(4, '2024-12-16 13:00:00', '2024-12-16 15:00:00', 0, NULL, 5, 4, 4),
(5, '2024-12-16 14:00:00', '2024-12-16 16:00:00', 0, NULL, 1, 5, 5),
(6, '2024-12-16 15:00:00', '2024-12-16 17:00:00', 0, NULL, 1, 6, 6),
(7, '2024-12-16 16:00:00', '2024-12-16 18:00:00', 0, 1, 4, 1, 7),
(8, '2024-12-16 17:00:00', '2024-12-16 19:00:00', 0, 8, 3, 2, 8);

INSERT INTO category (category_id, category_name) VALUES
(1, 'Салаты'),
(2, 'Супы'),
(3, 'Десерты'),
(4, 'Напитки'),
(5, 'Закуски'),
(6, 'Горячие блюда'),
(7, 'Холодные блюда'),
(8, 'Мясные блюда');

INSERT INTO menu (position_id, position_name, position_description, position_price, category_category_id) VALUES
(1, 'Салат Цезарь', 'Салат с курицей и пармезаном', 350.00, 1),
(2, 'Борщ', 'Традиционный украинский суп', 200.00, 2),
(3, 'Котлета', 'Котлета из говядины', 400.00, 8),
(4, 'Тирамису', 'Итальянский десерт', 250.00, 3),
(5, 'Кофе', 'Ароматный кофе', 100.00, 4),
(6, 'Блины', 'Блины с различными начинками', 150.00, 3),
(7, 'Шашлык', 'Шашлык из свинины', 500.00, 8),
(8, 'Окрошка', 'Холодный суп', 180.00, 2),
(9, 'Чипсы', 'Картофельные чипсы', 80.00, 5),
(10, 'Креветки', 'Креветки в кляре', 600.00, 6),
(11, 'Бефстроганов', 'Бефстроганов из говядины', 700.00, 8),
(12, 'Вегетарианский салат', 'Салат из свежих овощей', 200.00, 1),
(13, 'Гриль-микс', 'Микс из мяса и овощей на гриле', 800.00, 8);

INSERT INTO ingredient (ingredient_id, name, unit) VALUES
(1, 'Мука', 'кг'),
(2, 'Сахар', 'кг'),
(3, 'Соль', 'кг'),
(4, 'Масло', 'л'),
(5, 'Яйца', 'шт'),
(6, 'Молоко', 'л'),
(7, 'Сметана', 'л'),
(8, 'Творог', 'кг'),
(9, 'Сыр', 'кг'),
(10, 'Колбаса', 'кг'),
(11, 'Мясо', 'кг'),
(12, 'Рыба', 'кг'),
(13, 'Овощи', 'кг'),
(14, 'Фрукты', 'кг');

INSERT INTO instructions (instruction_id, instructions) VALUES
(1, 'Смешать ингредиенты'),
(2, 'Выпекать 30 минут'),
(3, 'Подавать горячим'),
(4, 'Подавать холодным'),
(5, 'Подавать с соусом'),
(6, 'Подавать с гарниром'),
(7, 'Подавать с напитком'),
(8, 'Подавать с десертом'),
(9, 'Подавать с закуской'),
(10, 'Подавать с салатом'),
(11, 'Подавать с супом'),
(12, 'Подавать с основным блюдом'),
(13, 'Подавать с морепродуктами'),
(14, 'Подавать с мясным блюдом');

INSERT INTO recipe (recipe_id, menu_position_id, ingredient_ingredient_id, instructions_instruction_id, quantity) VALUES
(1, 1, 9, 10, 0.1),
(2, 1, 11, 10, 0.2),
(3, 2, 13, 11, 0.5),
(4, 2, 11, 11, 0.3),
(5, 3, 11, 3, 0.4),
(6, 4, 9, 8, 0.2),
(7, 5, 4, 7, 0.05),
(8, 6, 13, 10, 0.1),
(9, 7, 11, 3, 0.5),
(10, 8, 13, 4, 0.3),
(11, 9, 13, 9, 0.08), 
(12, 10, 12, 13, 0.6),
(13, 11, 11, 3, 0.7),
(14, 12, 13, 10, 0.2),
(15, 13, 11, 3, 0.8);

INSERT INTO cart (cart_id, orders_order_id, menu_position_id, quantity, price) VALUES
(1, 1, 1, 2, 700.00), (2, 1, 2, 1, 200.00), (3, 2, 3, 3, 1200.00),
(4, 2, 4, 2, 250.00), 
(5, 3, 5, 1, 100.00), (6, 3, 6, 2, 300.00),
(7, 4, 7, 3, 1500.00), (8, 4, 8, 2, 360.00),
(9, 5, 9, 1, 80.00), (10, 5, 10, 2, 1200.00),
(11, 6, 11, 3, 2100.00), (12, 6, 12, 2, 400.00),
(13, 7, 7, 1, 500.00),
(14, 8, 13, 1, 800.00), (15, 8, 10, 2, 1200.00);

INSERT INTO warehouse (id, ingredient_ingredient_id, quantity) VALUES
(1, 1, 100.00),
(2, 2, 150.00),
(3, 3, 200.00),
(4, 4, 250.00),
(5, 5, 300.00),
(6, 6, 350.00),
(7, 7, 400.00),
(8, 8, 450.00),
(9, 9, 500.00),
(10, 10, 550.00),
(11, 11, 600.00),
(12, 12, 650.00),
(13, 13, 700.00),
(14, 14, 750.00);

INSERT INTO supplier (supplier_id, supplier_name) VALUES
(1, 'Поставщик 1'),
(2, 'Поставщик 2'),
(3, 'Поставщик 3'),
(4, 'Поставщик 4');

INSERT INTO purchasing_ingredients (purchase_id, ingredient_ingredient_id, supplier_supplier_id, quantity, price, purchasing_ingredients_date) VALUES
(1, 1, 1, 100.00, 5000.00, '2024-11-16 10:00:00'),
(2, 2, 1, 150.00, 11250.00, '2024-11-16 11:00:00'),
(3, 3, 1, 200.00, 2000.00, '2024-11-16 12:00:00'),
(4, 4, 2, 250.00, 2500.00, '2024-11-16 13:00:00'),
(5, 5, 1, 300.00, 3050.00, '2024-11-16 14:00:00'),
(6, 6, 2, 350.00, 900.00, '2024-11-16 15:00:00'),
(7, 7, 2, 400.00, 5500.00, '2024-11-16 16:00:00'),
(8, 8, 3, 450.00, 10000.00, '2024-11-16 17:00:00'),
(9, 9, 3, 500.00, 8000.00, '2024-11-16 18:00:00'),
(10, 10, 3, 550.00, 2000.00, '2024-11-16 19:00:00'),
(11, 11, 4, 600.00, 7000.00, '2024-11-16 20:00:00'),
(12, 12, 4, 650.00, 5600.00, '2024-11-16 21:00:00'),
(13, 13, 4, 700.00, 8800.00, '2024-11-16 22:00:00'),
(14, 14, 4, 750.00, 20000.00, '2024-11-16 23:00:00');

INSERT INTO restaurant (restaurant_id, restaurant_name, house_id_house, telephone_phone_id) VALUES
(1, 'Ресторан 1', 11, 12);

INSERT INTO tables (table_id, restaurant_restaurant_id, table_num, capacity) VALUES
(1, 1, 1, 4),
(2, 1, 2, 4),
(3, 1, 3, 4),
(4, 1, 4, 4),
(5, 1, 5, 4),
(6, 1, 6, 4),
(7, 1, 7, 4),
(8, 1, 8, 4),
(9, 1, 9, 4),
(10, 1, 10, 8),
(11, 1, 11, 8),
(12, 1, 12, 8),
(13, 1, 13, 8),
(14, 1, 14, 8);

INSERT INTO banquet_hall (id, restaurant_restaurant_id, capacity) VALUES
(1, 1, 100),
(2, 1, 150),
(3, 1, 200),
(4, 1, 100),
(5, 1, 150),
(6, 1, 200);

INSERT INTO employee (employee_id, name, last_name, surname, gender, role, telephone_phone_id, restaurant_restaurant_id) VALUES
(1, 'Иван', 'Иванов', 'Иванович', 'М', 'Официант', 7, 1),
(2, 'Петр', 'Петров', 'Петрович', 'М', 'Повар', 8, 1),
(3, 'Алексей', 'Алексеев', 'Алексеевич', 'М', 'Повар', 9, 1),
(4, 'Николай', 'Николаев', 'Николаевич', 'М', 'Повар', 11, 1);

INSERT INTO booking (booking_id, booking_date, num_guests, client_client_id, tables_table_id, banquet_hall_id) VALUES
(1, '2024-12-16 10:00:00', 10, 1, 1, NONE),
(2, '2024-12-16 11:00:00', 15, 2, 2, NONE),
(3, '2024-12-16 12:00:00', 20, 3, 3, NONE),
(4, '2024-12-16 13:00:00', 25, 4, 4, NONE),
(5, '2024-12-16 14:00:00', 30, 5, 5, NONE),
(6, '2024-12-16 15:00:00', 35, 6, 6, NONE),
(7, '2023-12-16 13:00:00', 25, 2, 1, NONE),
(8, '2021-12-16 14:00:00', 30, 2, 1, NONE),
(9, '2024-12-17 15:00:00', 35, 1, 2, NONE),
(10, '2024-12-16 16:00:00', 40, 1, NONE, 1),
(11, '2024-12-17 18:00:00', 45, 4, NONE, 5);

INSERT INTO event (event_id, event_name, description, date_start, date_end, banquet_hall_id) VALUES
(1, 'День рождения', 'Торжественное мероприятие', '2024-12-10 10:00:00', '2024-12-10 14:00:00', 2),
(2, 'Юбилей', 'Торжественное мероприятие', '2023-12-11 15:00:00', '2023-12-11 19:00:00', 2),
(3, 'День рождения', 'Торжественное мероприятие', '2024-12-17 20:00:00', '2024-12-17 23:00:00', 3),
(4, 'Свадьба', 'Торжественное мероприятие', '2022-12-17 10:00:00', '2022-12-17 15:00:00', 4),
(5, 'Юбилей', 'Торжественное мероприятие', '2024-05-16 15:00:00', '2024-05-16 18:00:00', 5),
(6, 'Корпоратив', 'Торжественное мероприятие', '2024-02-05 20:00:00', '2024-02-07 5:00:00', 6),
(7, 'Свадьба', 'Торжественное мероприятие', '2024-12-25 10:00:00', '2024-12-25 14:00:00', 6),
(8, 'Юбилей', 'Торжественное мероприятие', '2024-12-29 15:00:00', '2024-12-29 19:00:00', 6);

INSERT INTO diploma (diploma_id, diploma_series, diploma_num, employee_employee_id) VALUES
(1, 'АА123456', '123456', 1),
(2, 'АА123457', '123457', 2),
(3, 'АА123458', '123458', 3),
(4, 'АА123459', '123459', 4);

INSERT INTO schedule (schedule_id, shift_start, shift_end, week_day, employee_employee_id) VALUES
(1, '08:00:00', '16:00:00', 'Понедельник', 1), (2, '08:00:00', '16:00:00', 'Вторник', 1), (3, '08:00:00', '16:00:00', 'Среда', 1), (4, '08:00:00', '16:00:00', 'Четверг', 1), (5, '08:00:00', '16:00:00', 'Пятница', 1), (6, '08:00:00', '16:00:00', 'Суббота', 1),
(7, '08:00:00', '16:00:00', 'Понедельник', 2), (8, '08:00:00', '16:00:00', 'Вторник', 2), (9, '08:00:00', '16:00:00', 'Среда', 2), (10, '08:00:00', '16:00:00', 'Четверг', 2), (11, '08:00:00', '16:00:00', 'Пятница', 2), (12, '08:00:00', '16:00:00', 'Суббота', 2),
(13, '08:00:00', '16:00:00', 'Понедельник', 3), (14, '08:00:00', '16:00:00', 'Вторник', 3), (15, '08:00:00', '16:00:00', 'Среда', 3), (16, '08:00:00', '16:00:00', 'Четверг', 3), (17, '08:00:00', '16:00:00', 'Пятница', 3), (18, '08:00:00', '16:00:00', 'Суббота', 3),
(19, '08:00:00', '16:00:00', 'Понедельник', 4), (20, '08:00:00', '16:00:00', 'Вторник', 4), (21, '08:00:00', '16:00:00', 'Среда', 4), (22, '08:00:00', '16:00:00', 'Четверг', 4), (23, '08:00:00', '16:00:00', 'Пятница', 4), (24, '08:00:00', '16:00:00', 'Суббота', 4);

INSERT INTO education_level (id, education_level, diploma_diploma_id) VALUES
(1, 'Бакалавр', 1),
(2, 'Бакалавр', 2),
(3, 'Бакалавр', 3),
(4, 'Специалист', 4);

INSERT INTO educational_institution (id, name, diploma_diploma_id) VALUES
(1, 'МГУ', 1),
(2, 'РЭУ', 2),
(3, 'РЭУ', 3),
(4, 'КФУ', 4);

INSERT INTO qualification (qualification_id, qualification_name, diploma_diploma_id) VALUES
(1, 'Повар', 1),
(2, 'Официант', 2),
(3, 'Менеджер', 3),
(4, 'Бармен', 4),
(5, 'Администратор', 5);

INSERT INTO speciality (speciality_id, speciality_name, speciality_code, diploma_diploma_id) VALUES
(1, 'Повар', 'P001', 1),
(2, 'Официант', 'O001', 2),
(3, 'Менеджер', 'M001', 3),
(4, 'Бармен', 'B001', 4),
(5, 'Администратор', 'A001', 5);