INSERT INTO country (country_id, country_name) VALUES
(1, 'Россия'),
(2, 'США'),
(3, 'Китай'),
(4, 'Германия'),
(5, 'Франция'),
(6, 'Япония');

INSERT INTO city (city_id, city_name, country_country_id) VALUES
(1, 'Москва', 1),
(2, 'Санкт-Петербург', 1),
(3, 'Новосибирск', 1),
(4, 'Екатеринбург', 1),
(5, 'Казань', 1),
(6, 'Нижний Новгород', 1);

INSERT INTO street (id_street, street_name, city_city_id) VALUES
(1, 'Ленина', 1),
(2, 'Кирова', 1),
(3, 'Советская', 1),
(4, 'Пушкина', 1),
(5, 'Горького', 1),
(6, 'Ленина', 1),
(7, 'Кирова', 1),
(8, 'Советская', 1),
(9, 'Пушкина', 1),
(10, 'Горького', 1);

INSERT INTO house (id_house, house_num, street_id_street) VALUES
(1, 100, 1),
(2, 200, 1),
(3, 300, 2),
(4, 400, 2),
(5, 500, 3),
(6, 600, 3),
(7, 700, 4),
(8, 800, 5),
(9, 900, 6),
(10, 1003, 7),
(11, 1004, 7);

INSERT INTO apartment (apartment_id, apartment_num, house_id_house) VALUES
(1, 333, 1),
(2, 343, 1),
(3, 100, 2),
(4, 155, 3),
(5, 105, 4),
(6, 106, 5),
(7, 107, 5);

INSERT INTO telephone (phone_id, phone_num) VALUES
(1, '+79001234567'),
(2, '+79001234568'),
(3, '+79001234569'),
(4, '+79001234570'),
(5, '+79001234571'),
(6, '+79001234572'),
(7, '+79001234573'),
(8, '+79001234574'),
(9, '+79001234575'),
(10, '+79001234576'),
(11, '+79001234577'),
(12, '+79001234578');

INSERT INTO client (client_id, client_name, client_surname, client_email, telephone_phone_id) VALUES
(1, 'Иван', 'Иванов', 'ivanov@example.com', 1),
(2, 'Петр', 'Петров', 'petrov@example.com', 2),
(3, 'Алексей', 'Алексеев', 'alekseev@example.com', 3),
(4, 'Николай', 'Николаев', 'nikolaev@example.com', 4),
(5, 'Дмитрий', 'Дмитриев', 'dmitriev@example.com', 5),
(6, 'Сергей', 'Сергеев', 'sergeev@example.com', 6);

INSERT INTO address (address_id, house_id_house, apartment_apartment_id, client_client_id) VALUES
(1, NULL, 1, 1),
(2, NULL, 2, 2),
(3, NULL, 3, 3),
(8, 6, NULL, 4),
(9, 7, NULL, 5),
(10, 8, NULL, 6);

INSERT INTO order_status (order_status_id, order_status_name) VALUES
(1, 'В процессе'),
(2, 'Готов'),
(3, 'Отменен'),
(4, 'Доставлен'),
(5, 'Оплачен'),
(6, 'Возврат');

INSERT INTO payment (payment_id, payment_date, payment_method, amount) VALUES
(1, '2024-12-16 12:00:00', 'Наличные', 900),
(2, '2024-12-16 13:00:00', 'Карта', 1700),
(3, '2024-12-16 14:00:00', 'Наличные', 700),
(4, '2024-12-16 15:00:00', 'Карта', 750),
(5, '2024-12-16 18:00:00', 'Наличные', 1050),
(6, '2024-12-16 19:00:00', 'Карта', 650),
(7, '2024-12-16 16:00:00', 'Карта', 1250),
(8, '2024-12-16 17:00:00', 'Карта', 900);

INSERT INTO orders (order_id, order_date, required_date, order_total_amount, address_address_id, order_status_order_status_id, client_client_id, payment_payment_id) VALUES
(1, '2024-12-16 10:00:00', '2024-12-16 12:00:00', 900, NULL, 5, 1, 1),
(2, '2024-12-16 11:00:00', '2024-12-16 13:00:00', 1700, NULL, 5, 2, 2),
(3, '2024-12-16 12:00:00', '2024-12-16 14:00:00', 700, NULL, 5, 3, 3),
(4, '2024-12-16 13:00:00', '2024-12-16 15:00:00', 750, NULL, 5, 4, 4),
(5, '2024-12-16 14:00:00', '2024-12-16 16:00:00', 1050, NULL, 1, 5, 5),
(6, '2024-12-16 15:00:00', '2024-12-16 17:00:00', 650, NULL, 1, 6, 6),
(7, '2024-12-16 16:00:00', '2024-12-16 18:00:00', 1250, 1, 4, 1, 7),
(8, '2024-12-16 17:00:00', '2024-12-16 19:00:00', 900, 8, 3, 2, 8);

INSERT INTO category (category_id, category_name) VALUES
(1, 'Салаты'),
(2, 'Супы'),
(3, 'Десерты'),
(4, 'Напитки'),
(5, 'Холодные блюда'),
(6, 'Мясные блюда');

INSERT INTO menu (position_id, position_name, position_description, position_price, category_category_id) VALUES
(1, 'Салат Цезарь', 'Салат с курицей и пармезаном', 350.00, 1),
(2, 'Борщ', 'Традиционный украинский суп', 200.00, 2),
(3, 'Котлета', 'Котлета из говядины', 400.00, 6),
(4, 'Тирамису', 'Итальянский десерт', 250.00, 3),
(5, 'Кофе', 'Ароматный кофе', 100.00, 4),
(6, 'Блины', 'Блины с различными начинками', 150.00, 3);

INSERT INTO ingredient (ingredient_id, name, unit) VALUES
(1, 'Куриное филе', 'г'), (2, 'Салат ромэн', 'г'), (3, 'Пармезан', 'г'),
(4, 'Гренки', 'г'), (5, 'Соус Цезарь', 'мл'), (6, 'Оливковое масло', 'мл'),
(7, 'Соль', 'г'), (8, 'Перец', 'г'), (9, 'Говядина', 'г'),
(10, 'Капуста', 'г'), (11, 'Свекла', 'г'), (12, 'Морковь', 'г'),
(13, 'Лук', 'г'), (14, 'Картофель', 'г'), (15, 'Томатная паста', 'г'),
(16, 'Чеснок', 'г'), (17, 'Зелень', 'г'), (18, 'Говяжий фарш', 'г'),
(19, 'Яйцо', 'шт'), (20, 'Хлеб', 'г'), (21, 'Молоко', 'мл'),
(22, 'Маскарпоне', 'г'), (23, 'Сахар', 'г'), (24, 'Кофе', 'мл'),
(25, 'Савоярди', 'г'), (26, 'Какао', 'г'), (27, 'Кофейные зерна', 'г'),
(28, 'Вода', 'мл'), (29, 'Мука', 'г'), (30, 'Растительное масло', 'мл');

INSERT INTO instructions (instruction_id, instructions) VALUES
(1, 'Куриное филе нарезать кубиками и обжарить на оливковом масле до готовности. Салат ромэн нарвать руками. Пармезан натереть на терке. Гренки нарезать кубиками. В миске смешать салат ромэн, курицу, пармезан и гренки. Заправить соусом Цезарь, посолить и поперчить по вкусу.'),
(2, 'Говядину нарезать кубиками и варить в кастрюле до полуготовности. Свеклу натереть на терке и обжарить на сковороде. Морковь и лук нарезать и обжарить отдельно. Картофель нарезать кубиками и добавить в кастрюлю с мясом. Добавить капусту, обжаренные свеклу, морковь и лук. Добавить томатную пасту, чеснок, зелень, соль и перец. Варить до готовности.'),
(3, 'Хлеб замочить в молоке. Лук мелко нарезать и смешать с фаршем. Добавить замоченный хлеб, яйцо, соль и перец. Тщательно перемешать. Сформировать котлеты и обжарить на сковороде до готовности.'),
(4, 'Желтки отделить от белков и взбить с сахаром до белого цвета. Добавить маскарпоне и перемешать. Белки взбить в крепкую пену и аккуратно ввести в маскарпоневую массу. Савоярди обмакнуть в кофе и выложить на дно формы. Сверху выложить слой крема и повторить слои. Поставить в холодильник на несколько часов и перед подачей посыпать какао.'),
(5, 'Кофейные зерна смолоть. Засыпать молотый кофе в турку и залить водой. Поставить на огонь и довести до кипения. Снять с огня и дать настояться. Разлить по чашкам и подавать.'),
(6, 'В миске смешать муку, молоко, яйца, сахар и соль. Добавить растительное масло и перемешать до однородной массы. На разогретой сковороде выливать тесто и жарить блины с обеих сторон до золотистого цвета. Подавать с различными начинками по вкусу.');

INSERT INTO recipe (recipe_id, menu_position_id, ingredient_ingredient_id, instructions_instruction_id, quantity) VALUES
(1, 1, 1, 1, 150), (2, 1, 2, 1, 100), (3, 1, 3, 1, 50), (4, 1, 4, 1, 30), (5, 1, 5, 1, 50), (6, 1, 6, 1, 20), (7, 1, 7, 1, 5), (8, 1, 8, 1, 200), 
(9, 2, 9, 2, 300), (10, 2, 10, 2, 200), (11, 2, 11, 2, 100), (12, 2, 12, 2, 50), (13, 2, 13, 2, 50), (14, 2, 14, 2, 200), (15, 2, 15, 2, 30), (16, 2, 16, 2, 10), (17, 2, 17, 2, 20), (18, 2, 7, 2, 10), (19, 2, 8, 2, 200),
(20, 3, 18, 3, 300), (21, 3, 13, 3, 50), (22, 3, 19, 3, 1), (23, 3, 20, 3, 50), (24, 3, 21, 3, 100), (25, 3, 7, 3, 5), (26, 3, 8, 3, 200), 
(27, 4, 22, 4, 250), (28, 4, 19, 4, 3), (29, 4, 23, 4, 100), (30, 4, 24, 4, 200), (31, 4, 25, 4, 200), (32, 4, 26, 4, 20),  
(33, 5, 27, 5, 20), (34, 5, 28, 5, 200),
(35, 6, 29, 6, 200), (36, 6, 21, 6, 300), (37, 6, 19, 6, 2), (38, 6, 23, 6, 50), (39, 6, 7, 6, 5), (40, 6, 30, 6, 50);  

INSERT INTO cart (cart_id, orders_order_id, menu_position_id, quantity, price) VALUES
(1, 1, 1, 2, 700.00), (2, 1, 2, 1, 200.00),
(3, 2, 3, 3, 1200.00), (4, 2, 4, 2, 500.00),
(5, 3, 5, 1, 100.00), (6, 3, 6, 4, 600.00),
(7, 4, 1, 1, 350.00), (8, 4, 2, 2, 400.00),
(9, 5, 3, 2, 800.00), (10, 5, 4, 1, 250.00), 
(11, 6, 5, 2, 200.00), (12, 6, 6, 3, 450.00),
(13, 7, 1, 3, 1050.00), (14, 7, 2, 1, 200.00), 
(15, 8, 3, 1, 400.00), (16, 8, 4, 2, 500.00);

INSERT INTO warehouse (id, ingredient_ingredient_id, quantity) VALUES
(1, 1, 5000), (2, 2, 3000), (3, 3, 2000), (4, 4, 1000), (5, 5, 500), (6, 6, 1000),
(7, 7, 1000), (8, 8, 500), (9, 9, 10000), (10, 10, 5000), (11, 11, 3000), (12, 12, 2000),
(13, 13, 2000), (14, 14, 5000), (15, 15, 1000), (16, 16, 500), (17, 17, 1000), (18, 18, 5000),
(19, 19, 1000), (20, 20, 2000), (21, 21, 5000), (22, 22, 3000), (23, 23, 2000), (24, 24, 1000),
(25, 25, 2000), (26, 26, 1000), (27, 27, 2000), (28, 28, 5000), (29, 29, 3000), (30, 30, 2000);

INSERT INTO supplier (supplier_id, supplier_name) VALUES
(1, 'Поставщик 1'),
(2, 'Поставщик 2'),
(3, 'Поставщик 3');

INSERT INTO purchasing_ingredients (purchase_id, ingredient_ingredient_id, supplier_supplier_id, quantity, price, purchasing_ingredients_date) VALUES
(1, 1, 1, 1000, 200.00, '2024-10-15 14:30:00'), (2, 2, 2, 500, 50.00, '2024-11-05 09:45:00'), (3, 3, 3, 300, 150.00, '2024-12-01 16:20:00'),
(4, 4, 1, 200, 30.00, '2024-10-22 11:15:00'), (5, 5, 2, 100, 40.00, '2024-11-12 13:50:00'), (6, 6, 3, 500, 20.00, '2024-12-08 10:30:00'),
(7, 7, 1, 200, 10.00, '2024-10-29 15:45:00'), (8, 8, 2, 100, 15.00, '2024-11-19 08:20:00'), (9, 9, 3, 2000, 100.00, '2024-12-14 17:00:00'),
(10, 10, 1, 1000, 30.00, '2024-10-05 12:30:00'), (11, 11, 2, 500, 25.00, '2024-11-03 14:10:00'), (12, 12, 3, 300, 20.00, '2024-11-30 16:45:00'),
(13, 13, 1, 500, 15.00, '2024-10-18 10:00:00'), (14, 14, 2, 1000, 20.00, '2024-11-08 13:20:00'), (15, 15, 3, 200, 30.00, '2024-12-05 15:50:00'),
(16, 16, 1, 100, 25.00, '2024-10-25 11:30:00'), (17, 17, 2, 200, 15.00, '2024-11-15 09:40:00'), (18, 18, 3, 1000, 100.00, '2024-12-11 17:15:00'),
(19, 19, 1, 200, 10.00, '2024-10-03 14:00:00'), (20, 20, 2, 500, 15.00, '2024-11-01 12:25:00'), (21, 21, 3, 1000, 20.00, '2024-11-28 16:35:00'),
(22, 22, 1, 500, 150.00, '2024-10-16 10:45:00'), (23, 23, 2, 1000, 20.00, '2024-11-06 13:10:00'), (24, 24, 3, 200, 30.00, '2024-12-03 15:40:00'),
(25, 25, 1, 500, 25.00, '2024-10-23 11:00:00'), (26, 26, 2, 200, 30.00, '2024-11-13 09:25:00'), (27, 27, 3, 500, 50.00, '2024-12-10 17:05:00'),
(28, 28, 1, 1000, 10.00, '2024-10-01 14:30:00'), (29, 29, 2, 1000, 20.00, '2024-11-04 12:15:00'), (30, 30, 3, 500, 25.00, '2024-11-29 16:25:00');

INSERT INTO restaurant (restaurant_id, restaurant_name, house_id_house, telephone_phone_id) VALUES
(1, 'Ресторан 1', 11, 12);

INSERT INTO tables (table_id, restaurant_restaurant_id, table_num, capacity) VALUES
(1, 1, 1, 4), (2, 1, 2, 4),
(3, 1, 3, 4), (4, 1, 4, 4),
(5, 1, 5, 4), (6, 1, 6, 4),
(7, 1, 7, 4), (8, 1, 8, 4),
(9, 1, 9, 4), (10, 1, 10, 8),
(11, 1, 11, 8), (12, 1, 12, 8),
(13, 1, 13, 8), (14, 1, 14, 8);

INSERT INTO banquet_hall (id, restaurant_restaurant_id, capacity) VALUES
(1, 1, 100),
(2, 1, 150),
(3, 1, 200),
(4, 1, 100),
(5, 1, 150),
(6, 1, 200);

INSERT INTO employee (employee_id, name, last_name, surname, gender, role, telephone_phone_id, restaurant_restaurant_id) VALUES
(1, 'Иван', 'Иванов', 'Иванович', 'М', 'Официант', 7, 1),
(2, 'Петр', 'Петров', 'Петрович', 'М', 'Повар', 8, 1),
(3, 'Алексей', 'Алексеев', 'Алексеевич', 'М', 'Повар', 9, 1),
(4, 'Николай', 'Николаев', 'Николаевич', 'М', 'Повар', 11, 1);

INSERT INTO event (event_id, event_name, description, date_start, date_end, banquet_hall_id) VALUES
(1, 'День рождения', 'Торжественное мероприятие', '2024-12-10 10:00:00', '2024-12-10 14:00:00', 2),
(2, 'Юбилей', 'Торжественное мероприятие', '2023-12-11 15:00:00', '2023-12-11 19:00:00', 2),
(3, 'День рождения', 'Торжественное мероприятие', '2024-12-17 20:00:00', '2024-12-17 23:00:00', 3),
(4, 'Свадьба', 'Торжественное мероприятие', '2022-12-17 10:00:00', '2022-12-17 15:00:00', 4),
(5, 'Юбилей', 'Торжественное мероприятие', '2024-05-16 15:00:00', '2024-05-16 18:00:00', 5),
(6, 'Корпоратив', 'Торжественное мероприятие', '2024-02-05 20:00:00', '2024-02-07 5:00:00', 6);

INSERT INTO booking (booking_id, booking_date, num_guests, client_client_id, tables_table_id, event_event_id) VALUES
(1, '2024-12-16 10:00:00', 2, 1, 1, NULL),
(2, '2024-12-16 11:00:00', 3, 2, 2, NULL),
(3, '2024-12-16 12:00:00', 2, 3, 3, NULL),
(4, '2024-12-16 13:00:00', 4, 4, 4, NULL),
(5, '2024-12-16 14:00:00', 3, 5, 5, NULL),
(6, '2024-12-16 15:00:00', 2, 6, 6, NULL),
(7, '2023-12-16 13:00:00', 2, 2, 1, NULL),
(8, '2021-12-16 14:00:00', 3, 2, 1, NULL),
(9, '2024-12-17 15:00:00', 2, 1, 2, NULL),
(10, '2024-12-05 10:00:00', 20, 1, NULL, 1),
(11, '2023-12-10 15:00:00', 40, 1, NULL, 2),
(12, '2024-12-11 20:00:00', 40, 1, NULL, 3),
(13, '2024-12-16 16:00:00', 80, 1, NULL, 4),
(14, '2024-04-16 15:00:00', 35, 1, NULL, 5),
(15, '2024-02-01 10:00:00', 45, 4, NULL, 6);

INSERT INTO diploma (diploma_id, diploma_series, diploma_num, employee_employee_id) VALUES
(1, 'АА123456', '123456', 1),
(2, 'АА123457', '123457', 2),
(3, 'АА123458', '123458', 3),
(4, 'АА123459', '123459', 4);

INSERT INTO schedule (schedule_id, shift_start, shift_end, week_day, employee_employee_id) VALUES
(1, '08:00:00', '16:00:00', 'Понедельник', 1), (2, '08:00:00', '16:00:00', 'Вторник', 1), (3, '08:00:00', '16:00:00', 'Среда', 1), (4, '08:00:00', '16:00:00', 'Четверг', 1), (5, '08:00:00', '16:00:00', 'Пятница', 1), (6, '08:00:00', '16:00:00', 'Суббота', 1),
(7, '08:00:00', '16:00:00', 'Понедельник', 2), (8, '08:00:00', '16:00:00', 'Вторник', 2), (9, '08:00:00', '16:00:00', 'Среда', 2), (10, '08:00:00', '16:00:00', 'Четверг', 2), (11, '08:00:00', '16:00:00', 'Пятница', 2), (12, '08:00:00', '16:00:00', 'Суббота', 2),
(13, '08:00:00', '16:00:00', 'Понедельник', 3), (14, '08:00:00', '16:00:00', 'Вторник', 3), (15, '08:00:00', '16:00:00', 'Среда', 3), (16, '08:00:00', '16:00:00', 'Четверг', 3), (17, '08:00:00', '16:00:00', 'Пятница', 3), (18, '08:00:00', '16:00:00', 'Суббота', 3),
(19, '08:00:00', '16:00:00', 'Понедельник', 4), (20, '08:00:00', '16:00:00', 'Вторник', 4), (21, '08:00:00', '16:00:00', 'Среда', 4), (22, '08:00:00', '16:00:00', 'Четверг', 4), (23, '08:00:00', '16:00:00', 'Пятница', 4), (24, '08:00:00', '16:00:00', 'Суббота', 4);

INSERT INTO education_level (id, education_level, diploma_diploma_id) VALUES
(1, 'Бакалавр', 1),
(2, 'Бакалавр', 2),
(3, 'Бакалавр', 3),
(4, 'Специалист', 4);

INSERT INTO educational_institution (id, name, diploma_diploma_id) VALUES
(1, 'МГУ', 1),
(2, 'РЭУ', 2),
(3, 'РЭУ', 3),
(4, 'КФУ', 4);

INSERT INTO qualification (qualification_id, qualification_name, diploma_diploma_id) VALUES
(1, 'Официант', 1),
(2, 'Повар', 2),
(3, 'Повар', 3),
(4, 'Повар', 4);

INSERT INTO speciality (speciality_id, speciality_name, speciality_code, diploma_diploma_id) VALUES
(1, 'Официант', 'P001', 1),
(2, 'Повар', 'O001', 2),
(3, 'Повар', 'M001', 3),
(4, 'Повар', 'B001', 4);